SPCC1672.08c	SPAC23G3.01	PMID:15743411
SPCP1E11.04c	SPAC688.11	PMID:15975911
SPCC576.15c	SPAC17G8.14c	PMID:14625898
SPCC1739.11c	SPAC6F6.08c	PMID:15062098
SPCC1739.03	SPCC736.11	PMID:15607976
SPCC18.04	SPBC27B12.08	PMID:19243310
SPCC18.04	SPBC409.05	PMID:19243310
SPCC18.04	SPBC409.05	PMID:12511573
SPCC1223.10c	SPBP23A10.14c	PMID:17150956
SPCC1223.06	SPCC895.05	PMID:15184402
SPCC1223.06	SPAC3C7.12	PMID:15184402
SPCC417.07c	SPBC902.06	PMID:15837798
SPCC188.07	SPAC6F6.16c	PMID:18535244
SPCC188.04c	SPBC336.08	PMID:15728720
SPCC338.05c	SPAC11E3.04c	PMID:12531016
SPCC338.16	SPBC409.05	PMID:15147268
SPCC1322.12c	SPAC23H3.08c	PMID:15525673
SPCC23B6.03c	SPBC6B1.09c	PMID:15964794
SPCC645.05c	SPAP8A3.08	PMID:11069761
SPCC645.04	SPAC14C4.02c	PMID:16478984
SPCC550.13	SPBC216.06c	PMID:16263721
SPCC550.13	SPAC664.01c	PMID:14625560
SPCC1259.13	SPCC1795.11	PMID:11711540
SPCC895.05	SPAC23C4.08	PMID:12415007
SPCC895.05	SPAC110.03	PMID:12415007
SPCC1795.11	SPCC1259.13	PMID:11711540
SPCC16A11.14	SPBC12D12.01	PMID:14655046
SPCC1020.10	SPBC1683.13c	PMID:20404084
SPCC1020.10	SPCC736.11	PMID:20404084
SPCC16C4.18c	SPCC5E4.03c	PMID:11972332
SPCC16C4.11	SPAC19E9.03	PMID:10982385
SPCC5E4.06	SPBC651.10	PMID:16478984
SPCC5E4.06	SPAC11E3.08c	PMID:16478984
SPCC5E4.03c	SPCC16C4.18c	PMID:11972332
SPCC1183.12	SPBC16C6.14	PMID:18367542
SPCC1672.10	SPAPB1A10.02	PMID:19217403
SPCC1672.10	SPCC970.12	PMID:15369671
SPCC1672.08c	SPBC19C2.03	PMID:15743411
SPAC30.03c	SPCC736.09c	PMID:16043634
SPAC23D3.06c	SPAC3G6.02	PMID:15990877
SPAC23D3.06c	SPBC1921.03c	PMID:14963046
SPAC27F1.04c	SPBC11C11.03	PMID:15728720
SPAC27F1.04c	SPCC364.02c	PMID:11751918
SPAC25G10.03	SPAC57A10.05c	PMID:15660136
SPAC2C4.15c	SPAC1565.08	PMID:15120077
SPAC1F7.08	SPAC1F7.07c	PMID:10593913
SPAC1F7.07c	SPAC1F7.08	PMID:10593913
SPAC1F7.04	SPAC17G8.14c	PMID:10504305
SPAC1F7.03	SPAC1F7.04	PMID:15537393
SPAC694.06c	SPCC18B5.11c	PMID:14585996
SPAC26H5.06	SPAC6F6.16c	PMID:18535244
SPAC19G12.15c	SPBC660.07	PMID:12383265
SPAC19G12.13c	SPBC1778.02	PMID:18535244
SPAC19G12.13c	SPAC6F6.16c	PMID:18535244
SPAC19G12.01c	SPAC959.09c	PMID:16950791
SPAPJ698.02c	SPBC18E5.06	PMID:14623272
SPAC27E2.05	SPBC16D10.04c	PMID:10880469
SPAC27E2.05	SPBC1734.02c	PMID:8887553
SPAC27E2.05	SPBC336.04	PMID:8887553
SPAC15A10.16	SPAC637.12c	PMID:18505873
SPAC15A10.16	SPCC1223.06	PMID:11516644
SPAC1142.03c	SPAC644.14c	PMID:14663140
SPAC1142.03c	SPBC409.03	PMID:14663140
SPAC17G6.17	SPBC409.05	PMID:15147268
SPAC17G6.14c	SPBC1D7.04	PMID:15990877
SPAC17G6.14c	SPBC16A3.05c	PMID:15990877
SPAC17A2.13c	SPAC22F8.11	PMID:9613582
SPAC17A2.13c	SPBC1D7.05	PMID:12242289
SPAC1B1.03c	SPAC30D11.04c	PMID:17615301
SPAC16E8.09	SPAC637.07	PMID:9892665
SPAC328.03	SPBC660.07	PMID:12383265
SPAC3H5.06c	SPBC1734.02c	PMID:15579205
SPAC959.09c	SPAC19G12.01c	PMID:16950791
SPAC8E11.02c	SPAC1782.09c	PMID:16085489
SPAC8E11.02c	SPCC1259.13	PMID:12415000
SPAC8E11.02c	SPBC1D7.05	PMID:12242289
SPAC26A3.02	SPBC16D10.09	PMID:11805113
SPAC26A3.02	SPAC664.07c	PMID:15533944
SPAC26A3.02	SPAC20G4.04c	PMID:15533944
SPAC26A3.02	SPAC1952.07	PMID:15533944
SPAPB1E7.02c	SPCC338.16	PMID:16997270
SPAC1486.05	SPAC1952.13	PMID:12376568
SPAC3G9.12	SPAC3C7.12	PMID:16951255
SPAC3G9.12	SPAC18G6.15	PMID:16951255
SPAC688.11	SPCP1E11.04c	PMID:15975911
SPAC688.06c	SPAP27G11.15	PMID:14528010
SPAC688.02c	SPBC409.04c	PMID:15369671
SPAC16A10.07c	SPBC365.06	PMID:15932060
SPAC16A10.07c	SPBC1778.02	PMID:12018857
SPAC16A10.07c	SPAC7D4.04	PMID:11270572
SPNCRNA.214	SPBC29A3.14c	PMID:18157152
SPACUNK4.06c	SPAC222.09	PMID:12907709
SPAC8F11.07c	SPBC16D10.04c	PMID:15576681
SPAC8F11.07c	SPBC16D10.09	PMID:9891039
SPAC1B2.05	SPAC17D4.02	PMID:15194812
SPAC1805.08	SPAC3A11.05c	PMID:14655046
SPAC1805.04	SPBC428.01c	PMID:15226438
SPAC6F6.16c	SPCC188.07	PMID:18535244
SPAC6F6.16c	SPAC26H5.06	PMID:18535244
SPAC6F6.16c	SPAC19G12.13c	PMID:18535244
SPAC6F6.08c	SPCC1739.11c	PMID:15062098
SPAC6F6.02c	SPBC409.05	PMID:15147268
SPAC644.14c	SPAC1142.03c	PMID:14663140
SPAC644.14c	SPAC20H4.07	PMID:11560889
SPAC644.12	SPBP22H7.07	PMID:12088152
SPAC644.12	SPAC29A4.08c	PMID:12088152
SPAC644.04	SPAC23C4.19	PMID:11893740
SPAC7D4.04	SPAC16A10.07c	PMID:11270572
SPAC7D4.07c	SPBC3F6.03	PMID:17409354
SPAC4A8.05c	SPAP8A3.08	PMID:10769212
SPAC4A8.05c	SPAC926.03	PMID:11069761
SPAC23H3.08c	SPCC1322.12c	PMID:15525673
SPAC19A8.10	SPBC365.06	PMID:17762865
SPAC19A8.10	SPBC1921.02	PMID:17762865
SPAC6B12.15	SPCC364.02c	PMID:11751918
SPAC6B12.15	SPAC2F7.11	PMID:15277777
SPAC6B12.15	SPBC106.18	PMID:12972434
SPAC6B12.11	SPAC23C4.18c	PMID:11937031
SPAC15F9.02	SPBC17G9.04c	PMID:15226438
SPAC22H10.07	SPBC1604.14c	PMID:10567532
SPAC17G8.14c	SPAC16.01	PMID:10504305
SPAC17G8.14c	SPAC1F7.04	PMID:10504305
SPAC17G8.05	SPBC31F10.04c	PMID:18310102
SPAC17G8.05	SPBC21.04	PMID:18310102
SPAC13D6.04c	SPAC24H6.03	PMID:14527422
SPAC13D6.01	SPBC646.05c	PMID:17016471
SPAC13D6.01	SPBC409.05	PMID:17016471
SPAC18G6.15	SPAC3C7.12	PMID:15062095
SPAC1783.05	SPCC364.06	PMID:17510629
SPAC23C11.16	SPAC6F12.14	PMID:12615979
SPAC23C11.12	SPAC6F12.15c	PMID:16950791
SPAC20H4.03c	SPCC1020.04c	PMID:10648612
SPAC3C7.12	SPCC1223.06	PMID:15184402
SPAC607.05	SPBC582.07c	PMID:17761670
SPAC607.05	SPAPB8E5.02c	PMID:17761670
SPAC607.05	SPAC1420.03	PMID:17761670
SPAC17H9.19c	SPAC29B12.03	PMID:16252005
SPAC17H9.19c	SPAC17H9.10c	PMID:16252005
SPAC17H9.03c	SPBC11B10.06	PMID:16710300
SPAPB1A10.04c	SPAC2E1P5.04c	PMID:8262067
SPAPB1A10.02	SPCC1672.10	PMID:19217403
SPAC664.07c	SPAC26A3.02	PMID:15533944
SPAC664.07c	SPAC20G4.04c	PMID:10648611
SPAC664.01c	SPAC23C4.03	PMID:20929775
SPAC664.01c	SPAC30D11.13	PMID:16168376
SPAC664.01c	SPCC550.13	PMID:14625560
SPAC343.18	SPBC365.06	PMID:17762865
SPAC343.11c	SPAC637.12c	PMID:18505873
SPAC343.09	SPAC1565.08	PMID:15120077
SPAC343.03	SPBP23A10.04	PMID:16950791
SPAP27G11.15	SPAC688.06c	PMID:14528010
SPAC23H4.18c	SPBC1718.01	PMID:12167173
SPAC5D6.05	SPAC17G8.05	PMID:18310102
SPAC5D6.05	SPAC17C9.05c	PMID:18310102
SPAC9.13c	SPAC644.12	PMID:11884590
SPAC3A12.14	SPBC146.13c	PMID:11260263
SPAC3A12.11c	SPAC644.12	PMID:12088152
SPAC3A12.11c	SPAC29A4.08c	PMID:12088152
SPAC20G8.01	SPBC16D10.09	PMID:14752051
SPAC20G8.01	SPBC16D10.04c	PMID:10880469
SPAC19E9.03	SPCC16C4.11	PMID:10982385
SPAC19E9.01c	SPBC12D12.01	PMID:14655046
SPAC6F12.15c	SPAC23C11.12	PMID:16950791
SPAC6F12.14	SPBC28E12.01c	PMID:16950791
SPAC6F12.13c	SPBC36.06c	PMID:17596513
SPAC1565.08	SPAC343.09	PMID:15120077
SPAC1565.08	SPAC2C4.15c	PMID:15120077
SPAC1565.08	SPBC887.04c	PMID:14993272
SPAC1420.03	SPBC582.07c	PMID:17761670
SPAC30D11.04c	SPCC962.03c	PMID:17615301
SPAC30D11.04c	SPBC1604.08c	PMID:17615301
SPAC30D11.04c	SPAC1B1.03c	PMID:17615301
SPAC30D11.10	SPAC637.12c	PMID:18505873
SPAC30D11.10	SPBC119.14	PMID:11884628
SPAC30D11.13	SPBC428.08c	PMID:16168376
SPAC30D11.13	SPAC664.01c	PMID:16168376
SPAC30D11.13	SPBC365.06	PMID:12597774
SPAC30D11.13	SPAC644.14c	PMID:8610150
SPAC23C4.19	SPAC644.04	PMID:11893740
SPAC23C4.18c	SPBC342.05	PMID:9407031
SPAC23C4.18c	SPAC13G7.08c	PMID:9407031
SPAC23C4.08	SPCC895.05	PMID:12415007
SPAC821.12	SPBC28E12.03	PMID:17377067
SPAC821.12	SPBP19A11.04c	PMID:16096637
SPAC821.12	SPBC17F3.02	PMID:16096637
SPAC821.12	SPBC16H5.11c	PMID:12646585
SPAC821.12	SPCC970.04c	PMID:12456722
SPAC821.08c	SPBC20F10.06	PMID:9461438
SPAC222.15	SPAC13A11.03	PMID:15210864
SPAC222.09	SPACUNK4.06c	PMID:12907709
SPAC1687.20c	SPBP22H7.09c	PMID:15369671
SPAC1687.20c	SPBC21.01	PMID:15369671
SPAC23G3.01	SPCC1442.10c	PMID:12552808
SPAC2G11.14	SPAC637.12c	PMID:18505873
SPAC2G11.12	SPBC16G5.12c	PMID:15702347
SPAC22F3.09c	SPAC637.12c	PMID:18505873
SPAC22F3.13	SPAC630.13c	PMID:12136010
SPAC1D4.13	SPBC215.02	PMID:11683500
SPAC1F3.06c	SPBC16C6.14	PMID:18367542
SPAC1F3.02c	SPAC1F5.09c	PMID:11453249
SPAC13A11.03	SPAC222.15	PMID:15210864
SPAC2F7.11	SPAC6B12.15	PMID:15277777
SPAC24H6.12c	SPBC3D6.02	PMID:14623327
SPAC24H6.12c	SPAC27D7.12c	PMID:14623327
SPAC23E2.03c	SPBC19C2.05	PMID:10835379
SPAC23E2.03c	SPAC27D7.03c	PMID:10835379
SPAC630.13c	SPAC22F3.13	PMID:12136010
SPAC12G12.11c	SPBC12D12.01	PMID:14655046
SPAC1F5.04c	SPAC4A8.15c	PMID:9105045
SPAC24B11.06c	SPBC9B6.10	PMID:12861001
SPBC21B10.13c	SPBC16A3.07c	PMID:19714215
SPBC21B10.13c	SPAC22F3.09c	PMID:19714215
SPBC28F2.07	SPBC409.03	PMID:14663140
SPBC28F2.04c	SPAC29A4.08c	PMID:12088152
SPBC11B10.09	SPBC9B6.10	PMID:16390871
SPBC11B10.06	SPBC1685.11	PMID:16710300
SPBC11B10.06	SPAC4H3.05	PMID:16710300
SPBC11B10.06	SPAC17H9.03c	PMID:16710300
SPBC32H8.10	SPAC644.04	PMID:12475973
SPBP22H7.09c	SPBC21.01	PMID:15369671
SPBP22H7.09c	SPAC1687.20c	PMID:15369671
SPBP22H7.07	SPAC644.12	PMID:12088152
SPBC27B12.08	SPCC18.04	PMID:19243310
SPBC27B12.08	SPBC409.05	PMID:19243310
SPBC3D6.11c	SPAC343.18	PMID:17762865
SPBC3D6.11c	SPAC19A8.10	PMID:17762865
SPBC3D6.02	SPAC27D7.12c	PMID:14623327
SPBC3D6.02	SPAC24H6.12c	PMID:14623327
SPBC651.10	SPCC5E4.06	PMID:16478984
SPBC651.10	SPAC14C4.02c	PMID:16478984
SPBC725.17c	SPBC336.09c	PMID:12095692
SPBC725.09c	SPAC110.03	PMID:17363901
SPBC409.05	SPBP16F5.02	PMID:15555586
SPBC409.05	SPBC776.18c	PMID:15555586
SPBC409.05	SPCC338.16	PMID:15147268
SPBC409.05	SPCC18.04	PMID:15147268
SPBC409.05	SPBC56F2.01	PMID:15147268
SPBC409.05	SPBC3H7.06c	PMID:15147268
SPBC409.05	SPBC336.01	PMID:15147268
SPBC409.05	SPBC29A3.08	PMID:15147268
SPBC409.05	SPBC25B2.11	PMID:15147268
SPBC409.05	SPBC1703.06	PMID:15147268
SPBC409.05	SPBC1271.01c	PMID:15147268
SPBC409.05	SPAC6F6.02c	PMID:15147268
SPBC409.05	SPAC57A10.05c	PMID:15147268
SPBC409.05	SPAC29E6.01	PMID:15147268
SPBC409.05	SPAC17G6.17	PMID:15147268
SPBC409.03	SPBC28F2.07	PMID:14663140
SPBC409.03	SPAC1142.03c	PMID:14663140
SPBC409.04c	SPAC688.02c	PMID:15369671
SPBC1709.01	SPAC4A8.05c	PMID:16772338
SPBC1734.02c	SPAC27E2.05	PMID:8887553
SPBC1734.02c	SPAC3H5.06c	PMID:15579205
SPBC1734.02c	SPBC16D10.09	PMID:10698951
SPBC337.14	SPBC21.04	PMID:19720063
SPBC146.13c	SPAC4F10.15c	PMID:12939254
SPBC146.13c	SPAC20G8.05c	PMID:12939254
SPBC146.13c	SPAC3A12.14	PMID:11260263
SPBP35G2.06c	SPBC428.01c	PMID:15226438
SPBC646.09c	SPAC16E8.09	PMID:12553909
SPBC646.09c	SPAC637.07	PMID:11121040
SPBC646.05c	SPAC13D6.01	PMID:17016471
SPBC216.06c	SPCC550.13	PMID:16263721
SPBC36.06c	SPAC6F12.13c	PMID:17596513
SPBC36.05c	SPBC12C2.10c	PMID:12526748
SPBC119.14	SPAC30D11.10	PMID:11884628
SPBC119.14	SPAC644.14c	PMID:14551247
SPBC119.14	SPBC4C3.05c	PMID:11560889
SPBC119.14	SPAC30D11.10	PMID:11560889
SPBC947.12	SPBC12D12.01	PMID:14655046
SPBC1685.15c	SPAC16E8.09	PMID:14573463
SPBC1685.15c	SPAC110.03	PMID:14573463
SPBC1685.11	SPBC11B10.06	PMID:16710300
SPBC1685.11	SPAC17H9.03c	PMID:16710300
SPBC902.06	SPBC365.15	PMID:15837798
SPBC902.06	SPCC417.07c	PMID:15837798
SPBC428.08c	SPAC30D11.13	PMID:16168376
SPBC428.01c	SPBP35G2.06c	PMID:15226438
SPBC428.01c	SPAC1805.04	PMID:15226438
SPBC582.07c	SPAC607.05	PMID:17761670
SPBC1271.01c	SPBC409.05	PMID:15147268
SPBC800.09	SPAC23C11.16	PMID:12615979
SPBC31E1.03	SPAC167.03c	PMID:15620657
SPBC660.07	SPAC328.03	PMID:12383265
SPBC660.07	SPAC19G12.15c	PMID:12383265
SPBC1683.13c	SPCC1020.10	PMID:20404084
SPAC3G6.06c	SPBC16D10.04c	PMID:10880469
SPAC3G6.02	SPBC1D7.04	PMID:15990877
SPAC3G6.02	SPBC16A3.05c	PMID:15990877
SPAC3G6.02	SPAC23D3.06c	PMID:15990877
SPAC3G6.01	SPCC364.06	PMID:17510629
SPAC4D7.05	SPBP19A11.03c	PMID:12006658
SPAC4D7.05	SPBC646.09c	PMID:12006658
SPAC4D7.05	SPBC4.07c	PMID:12006658
SPAP8A3.08	SPAC22E12.16c	PMID:11087749
SPAP8A3.08	SPCC645.05c	PMID:11069761
SPAP8A3.08	SPAC4A8.05c	PMID:10769212
SPAC11E3.08c	SPCC5E4.06	PMID:16478984
SPAC11E3.08c	SPAC14C4.02c	PMID:16478984
SPAC11E3.04c	SPCC338.05c	PMID:12531016
SPAC14C4.02c	SPBC20F10.04c	PMID:16478984
SPAC14C4.02c	SPCC645.04	PMID:16478984
SPAC14C4.02c	SPAC16A10.06c	PMID:16478984
SPAC14C4.02c	SPBC1921.02	PMID:12897162
SPAC29A4.08c	SPBC28F2.04c	PMID:12088152
SPAC29A4.08c	SPAC644.12	PMID:12088152
SPAC29A4.08c	SPAC3A12.11c	PMID:12088152
SPAC22E12.16c	SPAP8A3.08	PMID:11087749
SPAC1952.13	SPBC26H8.10	PMID:12376568
SPAC1952.13	SPBC557.03c	PMID:12376568
SPAC1952.13	SPAC1486.05	PMID:12376568
SPAC1952.07	SPAC26A3.02	PMID:15533944
SPAPB8E5.02c	SPBC582.07c	PMID:17761670
SPAC4F10.15c	SPBC21D10.12	PMID:15615784
SPAC20G4.04c	SPAC26A3.02	PMID:15533944
SPAC20G4.04c	SPAC664.07c	PMID:10648611
SPAC22F8.11	SPAC17A2.13c	PMID:9613582
SPAC22F8.11	SPAC8E11.02c	PMID:9613582
SPAC1782.09c	SPAC8E11.02c	PMID:16085489
SPAC458.07	SPAC23C4.15	PMID:15743411
SPAC17D4.03c	SPBC16E9.14c	PMID:18199682
SPAC17D4.02	SPAC3H5.06c	PMID:11344166
SPAC17D4.02	SPAC1B2.05	PMID:15194812
SPAC1834.11c	SPAC637.12c	PMID:18505873
SPAC637.12c	SPBC31F10.13c	PMID:18505873
SPAC637.12c	SPBC16H5.11c	PMID:18505873
SPAC637.12c	SPAC9E9.10c	PMID:18505873
SPAC637.12c	SPAC343.11c	PMID:18505873
SPAC637.12c	SPAC30D11.10	PMID:18505873
SPAC637.12c	SPAC2G11.14	PMID:18505873
SPAC637.12c	SPAC22F3.09c	PMID:18505873
SPAC637.12c	SPAC1834.11c	PMID:18505873
SPAC637.12c	SPAC15A10.16	PMID:18505873
SPAC637.07	SPAC16E8.09	PMID:9892665
SPAC637.07	SPBC646.09c	PMID:11121040
SPAC27D7.12c	SPBC3D6.02	PMID:14623327
SPAC27D7.12c	SPAC24H6.12c	PMID:14623327
SPAC27D7.03c	SPAC23E2.03c	PMID:10835379
SPAC17C9.01c	SPBC1A4.01	PMID:16950791
SPAC17C9.03	SPAC16E8.15	PMID:12581158
SPAC17C9.05c	SPBC31F10.04c	PMID:18310102
SPAC17C9.05c	SPAC5D6.05	PMID:18310102
SPAC9E9.10c	SPAC637.12c	PMID:18505873
SPAC16.01	SPAC17G8.14c	PMID:10504305
SPAC29E6.01	SPBC409.05	PMID:15147268
SPCC970.12	SPCC1672.10	PMID:15369671
SPCC970.04c	SPAC821.12	PMID:12456722
SPCC970.07c	SPAC3A11.08	PMID:16157682
SPCC364.06	SPAC3G6.01	PMID:17510629
SPCC364.06	SPAC1783.05	PMID:17510629
SPCC736.11	SPCC1020.10	PMID:20404084
SPCC736.09c	SPAC30.03c	PMID:16043634
SPCC553.07c	SPAC20G4.04c	PMID:12514100
SPCC553.07c	SPAC1952.07	PMID:12514100
SPCC1235.06	SPBC12D12.01	PMID:14655046
SPCC330.11	SPAC24H6.03	PMID:14527422
SPCC613.12c	SPAC1486.05	PMID:16157682
SPCC613.12c	SPCC11E10.08	PMID:16040243
SPBC1289.02c	SPAP8A3.06	PMID:9371883
SPBC1289.02c	SPBC146.07	PMID:9371883
SPBC16C6.14	SPCC1183.12	PMID:18367542
SPBC16C6.14	SPAC1F3.06c	PMID:18367542
SPBC16A3.05c	SPAC17G6.14c	PMID:15990877
SPBC16A3.05c	SPAC3G6.02	PMID:15990877
SPBC16A3.05c	SPBC1921.03c	PMID:11073978
SPBC16G5.12c	SPAC2G11.12	PMID:15702347
SPBC342.05	SPAC23C4.18c	PMID:9407031
SPBC3F6.03	SPAC7D4.07c	PMID:17409354
SPBC1861.02	SPAC23C11.16	PMID:12615979
SPBC1347.10	SPBC1105.04c	PMID:17112379
SPBC1347.10	SPCC16A11.17	PMID:12185500
SPBC1347.10	SPBC685.09	PMID:12185500
SPBC1347.10	SPBC646.14c	PMID:12185500
SPBC1347.10	SPBC2A9.12	PMID:12185500
SPBC1347.10	SPBC29A10.15	PMID:12185500
SPBC1347.10	SPBC211.04c	PMID:12185500
SPBC1347.10	SPAC1B2.05	PMID:12185500
SPBC215.02	SPAC1D4.13	PMID:11683500
SPBC3B9.16c	SPBC17G9.04c	PMID:15226438
SPBC26H8.10	SPBC557.03c	PMID:8896453
SPBC26H8.10	SPBC1289.03c	PMID:8896453
SPBC26H8.10	SPAC1952.13	PMID:12376568
SPBC1604.08c	SPAC30D11.04c	PMID:17615301
SPBC1604.14c	SPAC22H10.07	PMID:10567532
SPBC21C3.16c	SPAC23C4.19	PMID:11893740
SPBC31F10.13c	SPAC637.12c	PMID:18505873
SPBC31F10.13c	SPBC15D4.03	PMID:15121850
SPBC31F10.04c	SPAC17G8.05	PMID:18310102
SPBC31F10.04c	SPAC17C9.05c	PMID:18310102
SPBP8B7.19	SPBC609.05	PMID:17614284
SPBC16D10.09	SPAC20G8.01	PMID:14752051
SPBC16D10.09	SPAC26A3.02	PMID:11805113
SPBC16D10.09	SPBC1734.02c	PMID:10698951
SPBC16D10.04c	SPAC8F11.07c	PMID:15576681
SPBC887.04c	SPAC1565.08	PMID:14993272
SPBC1105.04c	SPBC1347.10	PMID:17112379
SPBC1718.06	SPAC644.06c	PMID:9928955
SPBC1718.03	SPBC3B9.07c	PMID:15647272
SPBC11C11.03	SPBC336.08	PMID:15728720
SPBC11C11.03	SPAC27F1.04c	PMID:15728720
SPBC17D11.01	SPAC1687.13c	PMID:15769255
SPBC20F10.06	SPCC1795.01c	PMID:11909965
SPBC21.04	SPBC337.14	PMID:19720063
SPBC21.04	SPAC17G8.05	PMID:18310102
SPBC21.01	SPBP22H7.09c	PMID:15369671
SPBC21.01	SPAC1687.20c	PMID:15369671
SPBC776.18c	SPBC409.05	PMID:15555586
SPBC609.05	SPBP8B7.19	PMID:17614284
SPBC1778.02	SPAC19G12.13c	PMID:18535244
SPBC1778.02	SPAC16A10.07c	PMID:12018857
SPBC30D10.04	SPBC216.06c	PMID:15367656
SPBC13E7.09	SPAC4F10.15c	PMID:12939254
SPBC13E7.06	SPBC365.15	PMID:17486116
SPBC15D4.03	SPBC31F10.13c	PMID:15121850
SPBP19A11.04c	SPBC17F3.02	PMID:16096637
SPBP19A11.04c	SPAC821.12	PMID:16096637
SPBC685.06	SPBC18E5.06	PMID:14623272
SPBC336.12c	SPBC14C8.14c	PMID:16816948
SPBC336.09c	SPBC725.17c	PMID:12095692
SPBC336.08	SPCC188.04c	PMID:15728720
SPBC336.08	SPBC11C11.03	PMID:15728720
SPBC336.04	SPAC27E2.05	PMID:15173383
SPBC336.04	SPAC27E2.05	PMID:8887553
SPBC336.01	SPBC409.05	PMID:15147268
SPBC6B1.09c	SPCC23B6.03c	PMID:15964794
SPBC6B1.09c	SPAC13C5.07	PMID:12944482
SPBC25B2.11	SPBC409.05	PMID:15147268
SPBC25B2.06c	SPAC24H6.03	PMID:14527422
SPBC29A10.04	SPCC338.17c	PMID:11069892
SPBC365.15	SPBC13E7.06	PMID:17486116
SPBC365.06	SPAC16A10.07c	PMID:15932060
SPBC17F3.02	SPBC21D10.12	PMID:15615784
SPBC17F3.02	SPAC821.12	PMID:16096637
SPBC12C2.10c	SPBC36.05c	PMID:12526748
SPBC21D10.12	SPBC17F3.02	PMID:15615784
SPBC21D10.12	SPAC4F10.15c	PMID:15615784
SPBC1921.03c	SPBC16A3.05c	PMID:11073978
SPBC1921.02	SPAC19A8.10	PMID:17762865
SPBC1921.02	SPAC14C4.02c	PMID:12897162
SPBC12D12.01	SPAC12G12.11c	PMID:14655046
SPBC12D12.01	SPAC3A11.05c	PMID:14655046
SPBC12D12.01	SPBC947.12	PMID:14655046
SPBC16H5.11c	SPAC637.12c	PMID:18505873
SPBC16H5.11c	SPAC821.12	PMID:12646585
SPBC14C8.14c	SPBC336.12c	PMID:16816948
SPBC17G9.04c	SPAC15F9.02	PMID:15226438
SPBC17G9.04c	SPBC3B9.16c	PMID:15226438
SPBC18E5.06	SPAPJ698.02c	PMID:14623272
SPBC18E5.06	SPBC685.06	PMID:14623272
SPBC18E5.03c	SPAC1687.20c	PMID:12719471
SPBC29A3.13	SPCC4B3.12	PMID:19250904
SPBP23A10.14c	SPCC1223.10c	PMID:17150956
SPBP23A10.04	SPAC343.03	PMID:16950791
SPBC1A4.01	SPAC17C9.01c	PMID:16950791
SPBC16E9.14c	SPAC17D4.03c	PMID:18199682
SPBP16F5.02	SPBC409.05	PMID:15555586
SPBC3H7.06c	SPBC409.05	PMID:15147268
SPBC28E12.03	SPAC821.12	PMID:17377067
SPBC28E12.01c	SPAC6F12.14	PMID:16950791
SPBC9B6.10	SPBC11B10.09	PMID:16390871
SPBC9B6.10	SPAC24B11.06c	PMID:12861001
SPBC1D7.04	SPBC1921.03c	PMID:15990877
SPBC1D7.04	SPAC3G6.02	PMID:15990877
SPBC1D7.04	SPAC17G6.14c	PMID:15990877
SPBC1D7.05	SPAC17A2.13c	PMID:12242289
SPBC1D7.05	SPAC8E11.02c	PMID:12242289
SPBC2F12.13	SPAC16E8.09	PMID:14573463
SPBC2F12.13	SPAC110.03	PMID:14573463
SPAC926.03	SPAC4A8.05c	PMID:11069761
SPBC11B10.05c	SPAC110.04c	PMID:15068790
SPBC9B6.10	SPAC926.04c	PMID:16098195
SPAC2C4.15c	SPBC337.08c	PMID:15120077
SPAC3H5.06c	SPAPB1E7.02c	PMID:15643072
SPCC188.07	SPAC6G9.06c	PMID:15546621
SPAC6G9.06c	SPCC188.07	PMID:15546621
SPAC227.07c	SPBC428.13c	PMID:20876564
SPAC227.07c	SPAC9G1.09	PMID:20876564
SPAC227.07c	SPAC24B11.11c	PMID:20876564
SPAC227.07c	SPCC1739.11c	PMID:20876564
SPAC24B11.11c	SPAC227.07c	PMID:20876564
SPAC9G1.09	SPAC227.07c	PMID:20876564
SPBC428.13c	SPAC227.07c	PMID:20876564
SPCC1739.11c	SPAC227.07c	PMID:20876564
SPAC4F8.13c	SPAC3A12.14	PMID:9635188
SPBC1289.03c	SPBC26H8.10	PMID:8896453
SPCC1442.10c	SPAC23G3.01	PMID:12552808
SPBC3B9.07c	SPBC1718.03	PMID:15647272
SPAC24H6.03	SPCC330.11	PMID:14527422
SPBC12D12.01	SPCC1235.06	PMID:14655046
SPBC685.09	SPBC1347.10	PMID:12185500
SPBC16D10.04c	SPAC20G8.01	PMID:10880469
SPAC23G3.01	SPCC1672.08c	PMID:15743411
SPAPB8E5.02c	SPAC607.05	PMID:17761670
SPAC23C11.16	SPBC800.09	PMID:12615979
SPCC18B5.11c	SPAC694.06c	PMID:14585996
SPBC1921.03c	SPAC23D3.06c	PMID:14963046
SPBC19C2.05	SPAC23E2.03c	PMID:10835379
SPBC16D10.04c	SPAC3G6.06c	PMID:10880469
SPAC4A8.15c	SPAC1F5.04c	PMID:9105045
SPAC23C11.16	SPBC1861.02	PMID:12615979
SPAC14C4.02c	SPAC11E3.08c	PMID:16478984
SPBC646.14c	SPBC1347.10	PMID:12185500
SPBC16D10.09	SPAC8F11.07c	PMID:9891039
SPAC16A10.06c	SPAC14C4.02c	PMID:16478984
SPAC3A11.08	SPCC970.07c	PMID:16157682
SPAC644.12	SPAC9.13c	PMID:11884590
SPAC6F12.14	SPAC23C11.16	PMID:12615979
SPAC3C7.12	SPAC18G6.15	PMID:15062095
SPCC1795.01c	SPBC20F10.06	PMID:11909965
SPBC4C3.05c	SPBC119.14	PMID:11560889
SPCC338.17c	SPBC29A10.04	PMID:11069892
SPBC557.03c	SPAC1952.13	PMID:12376568
SPBC20F10.04c	SPAC14C4.02c	PMID:16478984
SPAC17G8.05	SPAC5D6.05	PMID:18310102
SPAC8E11.02c	SPAC22F8.11	PMID:9613582
SPBC582.07c	SPAC1420.03	PMID:17761670
SPAC2E1P5.04c	SPAPB1A10.04c	PMID:8262067
SPAC343.18	SPBC3D6.11c	PMID:17762865
SPAC644.14c	SPBC119.14	PMID:14551247
SPBC211.04c	SPBC1347.10	PMID:12185500
SPBC29A3.08	SPBC409.05	PMID:15147268
SPAC3C7.12	SPAC3G9.12	PMID:16951255
SPAC57A10.05c	SPBC409.05	PMID:15147268
SPBC365.06	SPAC19A8.10	PMID:17762865
SPAC4F10.15c	SPBC13E7.09	PMID:12939254
SPAC110.03	SPBC1685.15c	PMID:14573463
SPAC23C4.18c	SPAC6B12.11	PMID:11937031
SPAC20G8.05c	SPBC146.13c	PMID:12939254
SPCC1020.04c	SPAC20H4.03c	PMID:10648612
SPBC4.07c	SPAC4D7.05	PMID:12006658
SPAC3A11.05c	SPBC12D12.01	PMID:14655046
SPBC409.05	SPBC27B12.08	PMID:19243310
SPBC106.18	SPAC6B12.15	PMID:12972434
SPAC1687.13c	SPBC17D11.01	PMID:15769255
SPBC20F10.06	SPAC821.08c	PMID:9461438
SPBC17F3.02	SPBP19A11.04c	PMID:16096637
SPCC895.05	SPCC1223.06	PMID:15184402
SPBC16A3.07c	SPBC21B10.13c	PMID:19714215
SPBC216.06c	SPBC30D10.04	PMID:15367656
SPCC18.04	SPBC409.05	PMID:15147268
SPAC30D11.10	SPBC119.14	PMID:11560889
SPAP8A3.06	SPBC1289.02c	PMID:9371883
SPAC13C5.07	SPBC6B1.09c	PMID:12944482
SPAC1420.03	SPAC607.05	PMID:17761670
SPAC1F5.09c	SPAC1F3.02c	PMID:11453249
SPAC13G7.08c	SPAC23C4.18c	PMID:9407031
SPCC364.02c	SPAC6B12.15	PMID:11751918
SPBC12D12.01	SPCC16A11.14	PMID:14655046
SPAC4H3.05	SPBC11B10.06	PMID:16710300
SPCC4B3.12	SPBC29A3.13	PMID:19250904
SPAC644.14c	SPAC30D11.13	PMID:8610150
SPBC365.06	SPAC30D11.13	PMID:12597774
SPAC1B2.05	SPBC1347.10	PMID:12185500
SPAC110.03	SPBC725.09c	PMID:17363901
SPCC16A11.17	SPBC1347.10	PMID:12185500
SPAC16E8.09	SPBC1685.15c	PMID:14573463
SPCC11E10.08	SPCC613.12c	PMID:16040243
SPAC1952.07	SPCC553.07c	PMID:12514100
SPAC644.06c	SPBC1718.06	PMID:9928955
SPAC17H9.10c	SPAC17H9.19c	PMID:16252005
SPAC110.03	SPBC2F12.13	PMID:14573463
SPAC110.03	SPCC895.05	PMID:12415007
SPAC17H9.03c	SPBC1685.11	PMID:16710300
SPBC19C2.03	SPCC1672.08c	PMID:15743411
SPAC1687.20c	SPBC18E5.03c	PMID:12719471
SPBC1703.06	SPBC409.05	PMID:15147268
SPAC20H4.07	SPAC644.14c	PMID:11560889
SPBC1921.03c	SPBC1D7.04	PMID:15990877
SPCC736.11	SPCC1739.03	PMID:15607976
SPAC4F10.15c	SPBC146.13c	PMID:12939254
SPBC409.05	SPAC13D6.01	PMID:17016471
SPAC14C4.02c	SPBC651.10	PMID:16478984
SPAC22F3.09c	SPBC21B10.13c	PMID:19714215
SPBC409.05	SPCC18.04	PMID:12511573
SPAC16E8.09	SPBC646.09c	PMID:12553909
SPAC23C4.03	SPAC664.01c	PMID:20929775
SPBC365.15	SPBC902.06	PMID:15837798
SPBC409.05	SPCC18.04	PMID:19243310
SPAC57A10.05c	SPAC25G10.03	PMID:15660136
SPAC1486.05	SPCC613.12c	PMID:16157682
SPAC29B12.03	SPAC17H9.19c	PMID:16252005
SPAC18G6.15	SPAC3G9.12	PMID:16951255
SPBC365.06	SPAC343.18	PMID:17762865
SPBC29A10.15	SPBC1347.10	PMID:12185500
SPBC12D12.01	SPAC19E9.01c	PMID:14655046
SPAC16E8.15	SPAC17C9.03	PMID:12581158
SPBC582.07c	SPAPB8E5.02c	PMID:17761670
SPCC962.03c	SPAC30D11.04c	PMID:17615301
SPCC1259.13	SPAC8E11.02c	PMID:12415000
SPBC16D10.04c	SPAC27E2.05	PMID:10880469
SPAC27E2.05	SPBC336.04	PMID:15173383
SPAC167.03c	SPBC31E1.03	PMID:15620657
SPAC3H5.06c	SPAC17D4.02	PMID:11344166
SPCC338.16	SPAPB1E7.02c	PMID:16997270
SPAC23C4.15	SPAC458.07	PMID:15743411
SPAC19A8.10	SPBC3D6.11c	PMID:17762865
SPCC1223.06	SPAC15A10.16	PMID:11516644
SPAC4F8.13c	SPAC20G8.05c	PMID:23615450
SPAC20G8.05c	SPAC4F8.13c	PMID:23615450
SPAC16E8.09	SPBC2F12.13	PMID:14573463
SPBP19A11.03c	SPAC4D7.05	PMID:12006658
SPBC146.07	SPBC1289.02c	PMID:9371883
SPBC56F2.01	SPBC409.05	PMID:15147268
SPAPB1E7.02c	SPAC3H5.06c	PMID:15643072
SPAC3A11.05c	SPAC1805.08	PMID:14655046
SPAC24H6.03	SPAC13D6.04c	PMID:14527422
SPAC644.12	SPAC3A12.11c	PMID:12088152
SPBC1718.01	SPAC23H4.18c	PMID:12167173
SPBC2A9.12	SPBC1347.10	PMID:12185500
SPAC17G8.14c	SPCC576.15c	PMID:14625898
SPAC23C4.19	SPBC21C3.16c	PMID:11893740
SPAC644.04	SPBC32H8.10	PMID:12475973
SPCC364.02c	SPAC27F1.04c	PMID:11751918
SPAC20G4.04c	SPCC553.07c	PMID:12514100
SPAC4A8.05c	SPBC1709.01	PMID:16772338
SPBC646.09c	SPAC4D7.05	PMID:12006658
SPAC24H6.03	SPBC25B2.06c	PMID:14527422
SPAC1F7.04	SPAC1F7.03	PMID:15537393
SPBC557.03c	SPBC26H8.10	PMID:8896453
SPCC74.06	SPAC27E2.09	PMID:20919928
SPAC3H5.06c	SPBC29A3.14c	PMID:12697806
SPBC29A3.14c	SPAC3H5.06c	PMID:12697806
SPBC3D6.04c	SPAC25G10.07c	PMID:26258632
SPAC1687.20c	SPBC1105.17	PMID:10864871
SPBC1105.17	SPAC1687.20c	PMID:10864871
SPAC27E2.09	SPCC74.06	PMID:20919928
SPAC890.02c	SPCC895.07	PMID:14742702
SPCC895.07	SPAC890.02c	PMID:14742702
SPAC25G10.07c	SPBC3D6.04c	PMID:26258632
SPAC1F7.01c	SPBC19G7.16	PMID:21844224
SPAC4F10.11	SPAC9G1.11c	PMID:15385632
SPAC4F10.11	SPAC821.06	PMID:15385632
SPAC9G1.11c	SPBC16A3.01	PMID:15385632
SPBC16A3.01	SPAC9G1.11c	PMID:15385632
SPAC821.06	SPAC4F10.11	PMID:15385632
SPAC821.06	SPAC9G1.11c	PMID:15385632
SPAC9G1.11c	SPAC4F10.11	PMID:15385632
SPAC9G1.11c	SPAC821.06	PMID:15385632
SPBC2F12.13	SPBC1685.15c	PMID:31427431
SPAC1F5.04c	SPBC32H8.12c	PMID:24115772
SPBC32H8.12c	SPAC1F5.04c	PMID:24115772
SPBC19G7.16	SPAC1F7.01c	PMID:21844224
SPAC637.10c	SPBC17D11.07c	PMID:12615927
SPAC6F12.15c	SPBC2D10.12	PMID:12615927
SPAC6F12.15c	SPAC637.10c	PMID:12615927
SPBC4.07c	SPBC2D10.12	PMID:12615927
SPBC4.07c	SPAC637.10c	PMID:12615927
SPBC2D10.12	SPBP19A11.03c	PMID:12615927
SPBC17D11.07c	SPAC637.10c	PMID:12615927
SPBC2D10.12	SPAC6F12.15c	PMID:12615927
SPAC637.10c	SPAC6F12.15c	PMID:12615927
SPBC2D10.12	SPBC4.07c	PMID:12615927
SPAC637.10c	SPBC4.07c	PMID:12615927
SPBC1685.15c	SPBC2F12.13	PMID:31427431
SPBP19A11.03c	SPBC2D10.12	PMID:12615927
SPAC890.02c	SPAC27F1.04c	PMID:23770679
SPAC27F1.04c	SPAC890.02c	PMID:23770679
SPBC27B12.02	SPCC1672.10	PMID:31371524
SPCC1672.10	SPBC27B12.02	PMID:31371524
SPAC8C9.19	SPBC28F2.06c	PMID:33483504
SPBC28F2.06c	SPAC8C9.19	PMID:33483504
SPCC736.12c	SPAC644.16	PMID:20512112
SPCC736.12c	SPBC16E9.12c	PMID:20512112
SPAC644.16	SPCC736.12c	PMID:20512112
SPBC16E9.12c	SPCC736.12c	PMID:20512112
SPAC18G6.15	SPAC664.10	PMID:23087209
SPAC664.10	SPAC18G6.15	PMID:23087209
SPAC18G6.15	SPBC800.05c	PMID:29235477
SPBC11C11.03	SPCC736.14	PMID:21256022
SPCC736.14	SPBC11C11.03	PMID:21256022
SPAC18G6.15	SPBC16A3.15c	PMID:29235477
SPAC18G6.15	SPBC26H8.07c	PMID:29235477
SPBC800.05c	SPAC18G6.15	PMID:29235477
SPBC16A3.15c	SPAC18G6.15	PMID:29235477
SPBC26H8.07c	SPAC18G6.15	PMID:29235477
SPAC1F7.05	SPBC25D12.04	PMID:24652833
SPBC25D12.04	SPAC1F7.05	PMID:24652833
SPAC19D5.06c	SPAC26A3.12c	PMID:19194460
SPAC26A3.12c	SPAC19D5.06c	PMID:19194460
SPAC890.02c	SPAC6G9.06c	PMID:24937146
SPAC6G9.06c	SPAC890.02c	PMID:24937146
SPAC23C11.16	SPAC6F12.14	PMID:11777938
SPAC6F12.14	SPAC23C11.16	PMID:11777938
SPBC337.14	SPACUNK4.06c	PMID:10523639
SPAC25H1.03	SPAC4F10.07c	PMID:26030876
SPAC4F10.07c	SPAC25H1.03	PMID:26030876
SPCC970.12	SPAPB1A10.02	PMID:19217404
SPAPB1A10.02	SPCC970.12	PMID:19217404
SPBC1734.14c	SPAC24H6.05	PMID:11812792
SPAC24H6.05	SPBC1734.14c	PMID:11812792
SPACUNK4.06c	SPBC337.14	PMID:10523639
SPAC29A4.16	SPAC24B11.06c	PMID:15870269
SPBC36B7.08c	SPCC1672.10	PMID:27666591
SPAC24B11.06c	SPAC29A4.16	PMID:15870269
SPCC1672.10	SPBC36B7.08c	PMID:27666591
SPAP8A3.08	SPCC645.05c	PMID:10364209
SPCC645.05c	SPAP8A3.08	PMID:10364209
SPAC6B12.02c	SPAC3H8.05c	PMID:19819763
SPAC3H8.05c	SPAC6B12.02c	PMID:19819763
SPAC12B10.10	SPAC31A2.16	PMID:23966468
SPBC32H8.10	SPCC330.10	PMID:22508988
SPBC32F12.06	SPCC330.10	PMID:22508988
SPAC6F6.16c	SPAC19G12.13c	PMID:25330395
SPAC26H5.06	SPAC6F6.16c	PMID:25330395
SPCC188.07	SPAC6F6.16c	PMID:25330395
SPAC19G12.13c	SPAC6F6.16c	PMID:25330395
SPAC6F6.16c	SPCC188.07	PMID:25330395
SPAC6F6.16c	SPAC26H5.06	PMID:25330395
SPBC1198.11c	SPCC1259.03	PMID:27035982
SPCC1259.03	SPBC1198.11c	PMID:27035982
SPAC17A5.15c	SPAC821.07c	PMID:19502729
SPAC821.07c	SPAC17A5.15c	PMID:19502729
SPAPB1A10.11c	SPAC821.07c	PMID:19502729
SPAC821.07c	SPAPB1A10.11c	PMID:19502729
SPAC25G10.04c	SPCC4E9.01c	PMID:25579976
SPCC4E9.01c	SPAC25G10.04c	PMID:25579976
SPCC4E9.01c	SPBC29A10.14	PMID:25579976
SPBC29A10.14	SPCC4E9.01c	PMID:25579976
SPAC31A2.16	SPAC12B10.10	PMID:23966468
SPCC330.10	SPBC32H8.10	PMID:22508988
SPCC330.10	SPBC32F12.06	PMID:22508988
SPBC409.16c	SPCC970.01	PMID:25203555
SPCC1322.02	SPBC16D10.04c	PMID:25203555
SPAC8F11.07c	SPCC1322.02	PMID:25203555
SPBC16D10.04c	SPCC1322.02	PMID:25203555
SPCC1322.02	SPAC8F11.07c	PMID:25203555
SPCC970.01	SPBC409.16c	PMID:25203555
SPAC1B3.05	SPCC4G3.15c	PMID:26804377
SPAC20G8.06	SPAC1B3.05	PMID:26804377
SPCC4G3.15c	SPAC1B3.05	PMID:26804377
SPAC1B3.05	SPAC20G8.06	PMID:26804377
SPAC9E9.13	SPBC11B10.09	PMID:10581266
SPBC11B10.09	SPAC9E9.13	PMID:10581266
SPAC14C4.03	SPBC1718.02	PMID:30289413
SPBC1718.02	SPAC14C4.03	PMID:30289413
SPAC20G8.05c	SPAC12B10.10	PMID:23966468
SPAC12B10.10	SPAC20G8.05c	PMID:23966468
SPAC14C4.08	SPAC27D7.13c	PMID:25736293
SPAPB1A10.04c	SPAC2E1P5.04c	PMID:9781874
SPAC2E1P5.04c	SPAPB1A10.04c	PMID:9781874
SPBC2D10.16	SPCC576.12c	PMID:28977643
SPCC576.12c	SPBC2D10.16	PMID:28977643
SPAC27D7.13c	SPAC14C4.08	PMID:25736293
SPAC27D7.13c	SPCC11E10.03	PMID:25736293
SPBC1347.12	SPAC14C4.08	PMID:25736293
SPBC1347.12	SPCC11E10.03	PMID:25736293
SPBP23A10.14c	SPCC1223.10c	PMID:29032152
SPCC11E10.03	SPAC27D7.13c	PMID:25736293
SPAC14C4.08	SPBC1347.12	PMID:25736293
SPCC11E10.03	SPBC1347.12	PMID:25736293
SPBC409.12c	SPCC1393.14	PMID:17715303
SPAC110.02	SPAC23C4.03	PMID:20929775
SPAC23C4.03	SPAC110.02	PMID:20929775
SPCC1223.10c	SPBP23A10.14c	PMID:29032152
SPBC582.06c	SPAC3A11.05c	PMID:16111942
SPBC582.06c	SPBC365.15	PMID:16111942
SPAC3A11.05c	SPBC582.06c	PMID:16111942
SPBC365.15	SPBC582.06c	PMID:16111942
SPBC776.02c	SPAC227.07c	PMID:25487150
SPAC227.07c	SPBC776.02c	PMID:25487150
SPAC24B11.06c	SPAPYUG7.02c	PMID:31477575
SPAPYUG7.02c	SPAC24B11.06c	PMID:31477575
SPCC1393.14	SPBC409.12c	PMID:17715303
SPAC22F3.09c	SPBC336.12c	PMID:11781565
SPAC22F3.09c	SPBC725.16	PMID:11781565
SPBC11B10.05c	SPCC417.07c	PMID:30427751
SPCC417.07c	SPBC11B10.05c	PMID:30427751
SPBC800.05c	SPAC13D6.05	PMID:10473641
SPBC800.05c	SPAC22H10.10	PMID:10473641
SPBC11C11.04c	SPAC22H10.10	PMID:10473641
SPBC20F10.04c	SPCC5E4.06	PMID:17005570
SPCC645.04	SPAC14C4.02c	PMID:17005570
SPCC645.04	SPCC5E4.06	PMID:17005570
SPBC651.10	SPAC14C4.02c	PMID:17005570
SPBC651.10	SPCC5E4.06	PMID:17005570
SPAC11E3.08c	SPAC14C4.02c	PMID:17005570
SPAC11E3.08c	SPCC5E4.06	PMID:17005570
SPAC14C4.02c	SPBC20F10.04c	PMID:17005570
SPCC5E4.06	SPBC20F10.04c	PMID:17005570
SPAC14C4.02c	SPCC645.04	PMID:17005570
SPCC5E4.06	SPCC645.04	PMID:17005570
SPAC14C4.02c	SPBC651.10	PMID:17005570
SPCC5E4.06	SPBC651.10	PMID:17005570
SPAC14C4.02c	SPAC11E3.08c	PMID:17005570
SPCC5E4.06	SPAC11E3.08c	PMID:17005570
SPAC6G9.13c	SPAC1002.06c	PMID:16615890
SPAC1002.06c	SPAC6G9.13c	PMID:16615890
SPBC336.12c	SPAC22F3.09c	PMID:11781565
SPBC725.16	SPAC22F3.09c	PMID:11781565
SPAC13D6.05	SPBC800.05c	PMID:10473641
SPAC13D6.05	SPAC22H10.10	PMID:10473641
SPAC22H10.10	SPBC800.05c	PMID:10473641
SPAC22H10.10	SPAC13D6.05	PMID:10473641
SPAC22H10.10	SPBC11C11.04c	PMID:10473641
SPAC1006.09	SPAC9G1.02	PMID:23389634
SPAC9G1.02	SPAC1006.09	PMID:23389634
SPBC20F10.04c	SPAC14C4.02c	PMID:17005570
SPAC24H6.06	SPAC17D4.02	PMID:12006645
SPBC582.03	SPAC821.08c	PMID:15791259
SPAC821.08c	SPBC582.03	PMID:15791259
SPAC23G3.01	SPCC1442.10c	PMID:9325316
SPAC23G3.01	SPAC3A12.07	PMID:9325316
SPCC1442.10c	SPAC3A12.07	PMID:9325316
SPCC1442.10c	SPAC23G3.01	PMID:9325316
SPAC3A12.07	SPAC23G3.01	PMID:9325316
SPAC3A12.07	SPCC1442.10c	PMID:9325316
SPBP8B7.24c	SPBC660.08	PMID:31941401
SPBC660.08	SPBP8B7.24c	PMID:31941401
SPAC458.05	SPBC660.08	PMID:31941401
SPBC119.07	SPBC660.08	PMID:31941401
SPAC458.05	SPAC25A8.02	PMID:31941401
SPBC119.07	SPAC25A8.02	PMID:31941401
SPAC458.05	SPAC20G8.10c	PMID:31941401
SPBC119.07	SPAC20G8.10c	PMID:31941401
SPBC18H10.19	SPAC20G8.10c	PMID:31941401
SPBC660.08	SPAC25A8.02	PMID:31941401
SPBC660.08	SPAC20G8.10c	PMID:31941401
SPBC660.08	SPAC458.05	PMID:31941401
SPBC660.08	SPBC119.07	PMID:31941401
SPAC25A8.02	SPBC660.08	PMID:31941401
SPAC25A8.02	SPAC20G8.10c	PMID:31941401
SPAC25A8.02	SPAC458.05	PMID:31941401
SPAC25A8.02	SPBC119.07	PMID:31941401
SPAC20G8.10c	SPBC660.08	PMID:31941401
SPAC20G8.10c	SPAC25A8.02	PMID:31941401
SPAC20G8.10c	SPAC458.05	PMID:31941401
SPAC20G8.10c	SPBC119.07	PMID:31941401
SPAC20G8.10c	SPBC18H10.19	PMID:31941401
SPAC13C5.07	SPBC6B1.09c	PMID:22705791
SPBC6B1.09c	SPAC13C5.07	PMID:22705791
SPAC24H6.06	SPBC211.04c	PMID:12006645
SPAC17D4.02	SPAC24H6.06	PMID:12006645
SPBC211.04c	SPAC24H6.06	PMID:12006645
SPBC3D6.04c	SPCC1322.12c	PMID:31257143
SPCC1795.01c	SPCC1322.12c	PMID:31257143
SPBC28F2.07	SPBC409.03	PMID:16921379
SPBC409.03	SPBC28F2.07	PMID:16921379
SPBC409.03	SPAC8E11.03c	PMID:16921379
SPBC28F2.07	SPAC8E11.03c	PMID:16921379
SPCC1322.12c	SPBC3D6.04c	PMID:31257143
SPCC1322.12c	SPCC1795.01c	PMID:31257143
SPBC24C6.08c	SPAC637.05c	PMID:34805795
SPAC637.05c	SPBC24C6.08c	PMID:34805795
SPAC8E11.03c	SPBC409.03	PMID:16921379
SPAC8E11.03c	SPBC28F2.07	PMID:16921379
SPBC1703.06	SPBC409.05	PMID:11820777
SPBC887.09c	SPBC17F3.02	PMID:23649273
SPBC17F3.02	SPBC887.09c	PMID:23649273
SPAC17H9.09c	SPAC16E8.09	PMID:7923372
SPAC16E8.09	SPAC17H9.09c	PMID:7923372
SPBC409.05	SPBC1703.06	PMID:11820777
SPBC16E9.12c	SPAC1F3.01	PMID:20129053
SPBC1539.04	SPCC830.08c	PMID:20434336
SPBC31A8.01c	SPCC830.08c	PMID:20434336
SPBC31A8.01c	SPBC1539.04	PMID:20434336
SPCC830.08c	SPBC1539.04	PMID:20434336
SPCC830.08c	SPBC31A8.01c	PMID:20434336
SPBC1539.04	SPBC31A8.01c	PMID:20434336
SPAC1F3.01	SPBC16E9.12c	PMID:20129053
SPCC1235.10c	SPCC970.09	PMID:11854409
SPBC1778.02	SPAC19G12.13c	PMID:22959349
SPBC1778.02	SPAC16A10.07c	PMID:22959349
SPAC16A10.07c	SPBC1778.02	PMID:22959349
SPAC19G12.13c	SPBC1778.02	PMID:22959349
SPCC970.09	SPAC13F5.06c	PMID:11854409
SPAC30D11.10	SPBC660.13c	PMID:11600706
SPAC644.14c	SPBC660.13c	PMID:11600706
SPCC970.09	SPBC106.20	PMID:11854409
SPBC660.13c	SPAC30D11.10	PMID:11600706
SPBC660.13c	SPAC644.14c	PMID:11600706
SPCC1235.10c	SPAC13F5.06c	PMID:11854409
SPCC1235.10c	SPBC106.20	PMID:11854409
SPAC13F5.06c	SPBC106.20	PMID:11854409
SPCC970.09	SPCC1235.10c	PMID:11854409
SPAC13F5.06c	SPCC970.09	PMID:11854409
SPBC106.20	SPCC970.09	PMID:11854409
SPAC13F5.06c	SPCC1235.10c	PMID:11854409
SPBC106.20	SPCC1235.10c	PMID:11854409
SPBC106.20	SPAC13F5.06c	PMID:11854409
SPCPB16A4.02c	SPAC19G12.14	PMID:33172987
SPAC9G1.05	SPBC32H8.12c	PMID:25451933
SPBC1D7.03	SPCC16C4.11	PMID:23874875
SPCC16C4.11	SPBC1D7.03	PMID:23874875
SPAC19G12.14	SPCPB16A4.02c	PMID:33172987
SPBC32H8.07	SPBC215.04	PMID:11238401
SPBC215.04	SPBC32H8.07	PMID:11238401
SPCC550.05	SPAC14C4.02c	PMID:12966087
SPAC16A10.06c	SPAC14C4.02c	PMID:12966087
SPAC14C4.02c	SPCC550.05	PMID:12966087
SPAC14C4.02c	SPAC16A10.06c	PMID:12966087
SPAC222.10c	SPAC6F6.08c	PMID:9742395
SPAC6F6.08c	SPAC222.10c	PMID:9742395
SPCC645.04	SPBC20F10.04c	PMID:18667531
SPBC20F10.04c	SPCC645.04	PMID:18667531
SPAC637.07	SPAC18G6.15	PMID:11102508
SPAC18G6.15	SPAC637.07	PMID:11102508
SPCC188.07	SPBC2D10.13	PMID:29216371
SPBC2D10.13	SPCC188.07	PMID:29216371
SPBC32F12.04	SPAC3A11.14c	PMID:18418055
SPCC330.02	SPCC330.01c	PMID:10446227
SPCC330.01c	SPCC330.02	PMID:10446227
SPCC1223.06	SPAC1006.09	PMID:15936270
SPAC1006.09	SPCC1223.06	PMID:15936270
SPBC20F10.04c	SPCC645.04	PMID:21364888
SPCC645.04	SPBC20F10.04c	PMID:21364888
SPBC20F10.06	SPAC821.08c	PMID:11950879
SPAC821.08c	SPBC20F10.06	PMID:11950879
SPAC6B12.08	SPBP8B7.24c	PMID:32735772
SPBP8B7.24c	SPAC6B12.08	PMID:32735772
SPAC3A11.14c	SPBC32F12.04	PMID:18418055
SPBC23E6.02	SPBC1A4.03c	PMID:28552615
SPBC31F10.13c	SPCC663.05c	PMID:18334479
SPCC663.05c	SPBC31F10.13c	PMID:18334479
SPCC663.05c	SPAC26H5.03	PMID:18334479
SPAC26H5.03	SPCC663.05c	PMID:18334479
SPAC4G9.04c	SPAC222.09	PMID:28367989
SPAC222.09	SPAC4G9.04c	PMID:28367989
SPBC29A3.16	SPAC926.08c	PMID:26122634
SPAC17H9.05	SPBC29A3.16	PMID:26122634
SPAC17H9.05	SPBC800.06	PMID:26122634
SPAC926.08c	SPBC29A3.16	PMID:26122634
SPBC29A3.16	SPAC17H9.05	PMID:26122634
SPBC800.06	SPAC17H9.05	PMID:26122634
SPBC365.06	SPBC23E6.02	PMID:28552615
SPBC23E6.02	SPBC365.06	PMID:28552615
SPAC19A8.10	SPBC365.06	PMID:28552615
SPAC343.18	SPBC365.06	PMID:28552615
SPBC365.06	SPAC19A8.10	PMID:28552615
SPBC365.06	SPAC343.18	PMID:28552615
SPAC1687.05	SPBC365.06	PMID:28552615
SPBC365.06	SPAC1687.05	PMID:28552615
SPBC1A4.03c	SPBC23E6.02	PMID:28552615
SPBC13E7.08c	SPBC651.09c	PMID:32366382
SPCC1020.02	SPAC18G6.15	PMID:15371542
SPAC18G6.15	SPCC1020.02	PMID:15371542
SPBC651.09c	SPBC13E7.08c	PMID:32366382
SPBC651.09c	SPAC27D7.14c	PMID:32366382
SPBC651.09c	SPAC664.03	PMID:32366382
SPAC27D7.14c	SPBC651.09c	PMID:32366382
SPAC664.03	SPBC651.09c	PMID:32366382
SPBC16A3.09c	SPBC365.06	PMID:22730331
SPAC23C11.16	SPAC1B3.07c	PMID:25356547
SPBC336.12c	SPBC725.16	PMID:7739540
SPBC2F12.13	SPAC890.02c	PMID:25472718
SPAC890.02c	SPBC2F12.13	PMID:25472718
SPAC23C11.16	SPBC215.14c	PMID:25356547
SPAC23C11.16	SPAC1142.07c	PMID:25356547
SPAC1B3.07c	SPAC23C11.16	PMID:25356547
SPBC215.14c	SPAC23C11.16	PMID:25356547
SPAC1142.07c	SPAC23C11.16	PMID:25356547
SPBC725.16	SPBC336.12c	PMID:7739540
SPAC22E12.08	SPCC285.17	PMID:12490702
SPCC285.17	SPAC22E12.08	PMID:12490702
SPBC19C7.10	SPAC18G6.10	PMID:30462301
SPBC19C7.10	SPBC12D12.01	PMID:30462301
SPAC18G6.10	SPBC19C7.10	PMID:30462301
SPBC12D12.01	SPBC19C7.10	PMID:30462301
SPBC646.09c	SPAPB8E5.02c	PMID:12553909
SPAC1420.03	SPBC646.09c	PMID:12553909
SPAPB8E5.02c	SPBC646.09c	PMID:12553909
SPBC646.09c	SPAC1420.03	PMID:12553909
SPAC1687.18c	SPAC31A2.05c	PMID:16682348
SPBC1D7.04	SPAC18G6.02c	PMID:21436456
SPAC18G6.02c	SPBC1D7.04	PMID:21436456
SPAC31A2.05c	SPAC1687.18c	PMID:16682348
SPAC3G6.01	SPAC664.01c	PMID:22990236
SPAC664.01c	SPAC3G6.01	PMID:22990236
SPAP27G11.15	SPAC688.06c	PMID:26787556
SPAC688.06c	SPAP27G11.15	PMID:26787556
SPAP27G11.15	SPBC365.06	PMID:26787556
SPBC365.06	SPAP27G11.15	PMID:26787556
SPBC119.05c	SPCC306.09c	PMID:26542710
SPCC306.09c	SPBC119.05c	PMID:26542710
SPAC25G10.07c	SPBC800.05c	PMID:30659798
SPAC25G10.07c	SPBC26H8.07c	PMID:30659798
SPAC25G10.07c	SPBC16A3.15c	PMID:30659798
SPBC800.05c	SPAC25G10.07c	PMID:30659798
SPBC26H8.07c	SPAC25G10.07c	PMID:30659798
SPBC16A3.15c	SPAC25G10.07c	PMID:30659798
SPBC337.14	SPAC19B12.05c	PMID:11839823
SPBC1A4.05	SPAC20G8.05c	PMID:24790095
SPAC20G8.05c	SPBC1A4.05	PMID:24790095
SPAC3A11.05c	SPAC1805.08	PMID:11907273
SPAC19B12.05c	SPBC337.14	PMID:11839823
SPAC1805.08	SPAC3A11.05c	PMID:11907273
SPAC9G1.15c	SPBC428.20c	PMID:24006493
SPAC13C5.07	SPBC6B1.09c	PMID:12944481
SPBC6B1.09c	SPAC13C5.07	PMID:12944481
SPBC428.20c	SPAC9G1.15c	PMID:24006493
SPAC6G9.16c	SPCC1183.05c	PMID:24847916
SPCC1183.05c	SPAC6G9.16c	PMID:24847916
SPBP35G2.11c	SPAC4F10.02	PMID:34169534
SPBP35G2.11c	SPAC513.05	PMID:34169534
SPAC513.05	SPBP35G2.11c	PMID:34169534
SPAC4F10.02	SPBP35G2.11c	PMID:34169534
SPBC28F2.07	SPAC3C7.03c	PMID:32204793
SPAC1782.09c	SPAC8E11.02c	PMID:18951025
SPAC8E11.02c	SPAC1782.09c	PMID:18951025
SPBC13E7.06	SPBC32H8.09	PMID:25987607
SPBC13E7.06	SPBC365.15	PMID:25987607
SPBC365.15	SPBC428.20c	PMID:25987607
SPBC365.15	SPBC13E7.06	PMID:25987607
SPBC428.20c	SPBC365.15	PMID:25987607
SPBC32H8.09	SPBC13E7.06	PMID:25987607
SPBC28F2.07	SPAC20H4.07	PMID:32204793
SPBC409.03	SPAC3C7.03c	PMID:32204793
SPBC409.03	SPAC20H4.07	PMID:32204793
SPAC3C7.03c	SPBC28F2.07	PMID:32204793
SPAC20H4.07	SPBC28F2.07	PMID:32204793
SPAC3C7.03c	SPBC409.03	PMID:32204793
SPAC20H4.07	SPBC409.03	PMID:32204793
SPCC1739.07	SPBC146.03c	PMID:15148393
SPBC146.03c	SPCC1739.07	PMID:15148393
SPAPB2B4.02	SPBC3B9.17	PMID:20085751
SPBC3B9.17	SPAPB2B4.02	PMID:20085751
SPCC645.03c	SPAPB2B4.02	PMID:20085751
SPAPB2B4.02	SPCC645.03c	PMID:20085751
SPAPB1A10.09	SPAC3G9.12	PMID:18061564
SPAC3G9.12	SPAPB1A10.09	PMID:18061564
SPAC22F3.05c	SPAC328.08c	PMID:23576550
SPAC328.08c	SPAC22F3.05c	PMID:23576550
SPAC637.10c	SPBC16G5.01	PMID:20739285
SPBC16G5.01	SPAC637.10c	PMID:20739285
SPCC417.07c	SPBC902.06	PMID:19001497
SPAC3H5.06c	SPBC211.04c	PMID:11344166
SPAC24H6.05	SPAC17A2.13c	PMID:9774107
SPAC17A2.13c	SPAC24H6.05	PMID:9774107
SPAC25B8.14	SPBC409.04c	PMID:12242294
SPBC409.04c	SPAC25B8.14	PMID:12242294
SPBC211.04c	SPAC3H5.06c	PMID:11344166
SPBC902.06	SPCC417.07c	PMID:19001497
SPCC4G3.13c	SPBP16F5.04	PMID:31397327
SPBP16F5.04	SPCC4G3.13c	PMID:31397327
SPACUNK4.14	SPCC622.08c	PMID:24806815
SPCC622.08c	SPACUNK4.14	PMID:24806815
SPAC1782.09c	SPCC320.13c	PMID:15525536
SPCC320.13c	SPAC1782.09c	PMID:15525536
SPBC21C3.16c	SPAC23C4.19	PMID:19460865
SPAC23C4.19	SPBC21C3.16c	PMID:19460865
SPCC74.02c	SPBC776.02c	PMID:33711009
SPCC74.02c	SPAC824.04	PMID:33711009
SPBC776.02c	SPCC74.02c	PMID:33711009
SPAC824.04	SPCC74.02c	PMID:33711009
SPAC27D7.13c	SPAC1093.06c	PMID:15509865
SPAC1093.06c	SPAC27D7.13c	PMID:15509865
SPAC27D7.13c	SPAC1805.08	PMID:15509865
SPAC1805.08	SPAC27D7.13c	PMID:15509865
SPAC23H3.08c	SPCC1795.01c	PMID:11909965
SPCC1795.01c	SPAC23H3.08c	PMID:11909965
SPAC27D7.03c	SPAC8E11.02c	PMID:11818066
SPAC1486.02c	SPBC947.10	PMID:21504829
SPAC1486.02c	SPBC354.05c	PMID:21504829
SPBC947.10	SPAC1486.02c	PMID:21504829
SPAC30D11.06c	SPBP8B7.24c	PMID:30451685
SPBP8B7.24c	SPAC30D11.06c	PMID:30451685
SPAC8E11.02c	SPAC27D7.03c	PMID:11818066
SPCC736.14	SPAC18G6.15	PMID:27872152
SPAC18G6.15	SPCC736.14	PMID:27872152
SPCC1919.03c	SPAC1556.08c	PMID:17289942
SPCC1919.03c	SPCC74.03c	PMID:17289942
SPAC1556.08c	SPCC1919.03c	PMID:17289942
SPCC74.03c	SPCC1919.03c	PMID:17289942
SPBC32F12.11	SPBC887.10	PMID:24255738
SPBC887.10	SPBC32F12.11	PMID:24255738
SPBC16G5.01	SPAC637.10c	PMID:22906049
SPAC637.10c	SPBC16G5.01	PMID:22906049
SPAC17G6.17	SPCC1840.10	PMID:33378677
SPBC23G7.17c	SPMTR.02	PMID:30089908
SPMTR.02	SPBC23G7.17c	PMID:30089908
SPAC29A4.07	SPBC21.04	PMID:23123849
SPAC5D6.05	SPAC17G8.05	PMID:23123849
SPAC644.10	SPBC31F10.04c	PMID:23123849
SPBC21.04	SPAC29A4.07	PMID:23123849
SPBC31F10.04c	SPAC5D6.05	PMID:23123849
SPAC29A4.07	SPAC644.10	PMID:23123849
SPAC5D6.05	SPAC29A4.07	PMID:23123849
SPAC17G8.05	SPAC5D6.05	PMID:23123849
SPBC31F10.04c	SPAC644.10	PMID:23123849
SPAC5D6.05	SPBC31F10.04c	PMID:23123849
SPAC644.10	SPAC29A4.07	PMID:23123849
SPAC29A4.07	SPAC5D6.05	PMID:23123849
SPNCRNA.214	SPAC17G6.17	PMID:33378677
SPCC1840.10	SPAC17G6.17	PMID:33378677
SPCC4G3.05c	SPAPB1E7.06c	PMID:11719193
SPAPB1E7.06c	SPCC4G3.05c	PMID:11719193
SPBC16A3.11	SPAC110.02	PMID:11598020
SPAC110.02	SPBC16A3.11	PMID:11598020
SPCC10H11.02	SPAC1486.03c	PMID:30467716
SPAC1486.03c	SPBC16H5.10c	PMID:30467716
SPAC1486.03c	SPCC10H11.02	PMID:30467716
SPBC1734.04	SPAC4F10.10c	PMID:32650974
SPAC4F10.10c	SPBC1734.04	PMID:32650974
SPBC16H5.10c	SPAC1486.03c	PMID:30467716
SPBC32F12.04	SPBC365.15	PMID:23885124
SPBC365.15	SPBC32F12.04	PMID:23885124
SPAPB1E7.10	SPBC2G5.07c	PMID:21714024
SPBC2G5.07c	SPAPB1E7.10	PMID:21714024
SPCC188.07	SPAC6F6.16c	PMID:27253066
SPCC188.07	SPBC2D10.13	PMID:27253066
SPCC188.07	SPBC29A3.14c	PMID:27253066
SPBC2D10.13	SPCC188.07	PMID:27253066
SPAC6F6.16c	SPCC188.07	PMID:27253066
SPAC6F6.16c	SPBC29A3.14c	PMID:27253066
SPBC29A3.14c	SPAC6F6.16c	PMID:27253066
SPBC29A3.14c	SPCC188.07	PMID:27253066
SPAC4D7.09	SPAC8C9.15c	PMID:26901872
SPAC8C9.15c	SPAC4D7.09	PMID:26901872
SPAC343.14c	SPAC8C9.15c	PMID:26901872
SPAC8C9.15c	SPAC343.14c	PMID:26901872
SPAC21E11.06	SPAC4D7.09	PMID:26901872
SPAC4D7.09	SPAC21E11.06	PMID:26901872
SPBC15D4.01c	SPCC320.13c	PMID:28178520
SPAC821.08c	SPAC18G6.15	PMID:28178520
SPCC320.13c	SPBC15D4.01c	PMID:28178520
SPAC18G6.15	SPAC821.08c	PMID:28178520
SPBC902.06	SPCC417.07c	PMID:15800064
SPCC417.07c	SPBC902.06	PMID:15800064
SPBC19C2.05	SPAC6B12.15	PMID:10805744
SPAC6B12.15	SPBC19C2.05	PMID:10805744
SPAC17G8.10c	SPBC25D12.02c	PMID:22809626
SPBC25D12.02c	SPAC17G8.10c	PMID:22809626
SPCC1672.10	SPBC27B12.02	PMID:29804820
SPCC1672.10	SPCC970.12	PMID:29804820
SPBC342.05	SPBC216.05	PMID:14739927
SPBC216.05	SPBC342.05	PMID:14739927
SPBC3B9.21	SPAC18G6.09c	PMID:27183195
SPAC18G6.09c	SPBC3B9.21	PMID:27183195
SPAC57A7.11	SPAC27D7.03c	PMID:10648609
SPAC27D7.03c	SPAC57A7.11	PMID:10648609
SPBC27B12.02	SPCC1672.10	PMID:29804820
SPCC970.12	SPCC1672.10	PMID:29804820
SPAC328.03	SPAC19G12.15c	PMID:12153582
SPBC660.07	SPAC19G12.15c	PMID:12153582
SPAC19G12.15c	SPAC328.03	PMID:12153582
SPAC19G12.15c	SPBC660.07	PMID:12153582
SPBC800.09	SPAC19A8.12	PMID:22085934
SPAC19A8.12	SPBC800.09	PMID:22085934
SPBC1778.02	SPAC16A10.07c	PMID:23133674
SPAC16A10.07c	SPBC1778.02	PMID:23133674
SPBC1778.02	SPAC19G12.13c	PMID:23133674
SPAC19G12.13c	SPBC1778.02	PMID:23133674
SPBC16H5.11c	SPBC1604.14c	PMID:9660817
SPBC1604.14c	SPBC16H5.11c	PMID:9660817
SPAC30.03c	SPCC736.09c	PMID:20081200
SPAC1610.01	SPAC27D7.07c	PMID:24298023
SPBC19C2.14	SPAC1610.01	PMID:24298023
SPAC27D7.07c	SPAC1610.01	PMID:24298023
SPAC1610.01	SPBC19C2.14	PMID:24298023
SPCC736.09c	SPAC30.03c	PMID:20081200
SPBC365.12c	SPCC364.02c	PMID:11751918
SPCC364.02c	SPBC365.12c	PMID:11751918
SPBC29B5.01	SPAC21E11.03c	PMID:7958849
SPAC21E11.03c	SPBC29B5.01	PMID:7958849
SPBC2F12.11c	SPAC22F3.09c	PMID:7588609
SPCC1020.02	SPBC776.02c	PMID:21664573
SPBC2F12.13	SPBC776.02c	PMID:21664573
SPBC1685.15c	SPBC776.02c	PMID:21664573
SPBC776.02c	SPCC1020.02	PMID:21664573
SPBC776.02c	SPBC2F12.13	PMID:21664573
SPBC776.02c	SPBC1685.15c	PMID:21664573
SPBC1604.21c	SPAC1250.03	PMID:23416107
SPBC1604.21c	SPAC11E3.04c	PMID:23416107
SPBC1604.21c	SPBC2D10.20	PMID:23416107
SPBC1604.21c	SPAC18B11.07c	PMID:23416107
SPBC1604.21c	SPCC1259.15c	PMID:23416107
SPBC1604.21c	SPBC211.07c	PMID:23416107
SPAC11E3.04c	SPBC1604.21c	PMID:23416107
SPAC1250.03	SPBC1604.21c	PMID:23416107
SPAC18B11.07c	SPBC1604.21c	PMID:23416107
SPBC211.07c	SPBC1604.21c	PMID:23416107
SPBC2D10.20	SPBC1604.21c	PMID:23416107
SPCC1259.15c	SPBC1604.21c	PMID:23416107
SPCC290.04	SPCC550.13	PMID:27901072
SPCC550.13	SPCC290.04	PMID:27901072
SPBC1604.14c	SPBC16H5.11c	PMID:8943016
SPBC16H5.11c	SPBC1604.14c	PMID:8943016
SPAC22F3.09c	SPBC336.12c	PMID:7588609
SPAC22F3.09c	SPBC2F12.11c	PMID:7588609
SPBC336.12c	SPAC22F3.09c	PMID:7588609
SPAC3C7.14c	SPCC622.09	PMID:12511578
SPCC622.09	SPAC3C7.14c	PMID:12511578
SPBC106.19	SPAPB1E7.11c	PMID:28334955
SPAC19G12.13c	SPAC6F6.16c	PMID:29149597
SPAC6F6.16c	SPAC19G12.13c	PMID:29149597
SPBC1778.02	SPAC19G12.13c	PMID:29149597
SPAC19G12.13c	SPBC1778.02	PMID:29149597
SPAC821.07c	SPBC1718.07c	PMID:16273369
SPBC1718.07c	SPAC821.07c	PMID:16273369
SPAP8A3.06	SPBC146.07	PMID:8657565
SPBC146.07	SPAP8A3.06	PMID:8657565
SPBP23A10.14c	SPCC1223.10c	PMID:29043956
SPCC1223.10c	SPBP23A10.14c	PMID:29043956
SPAPB1E7.11c	SPBC106.19	PMID:28334955
SPBP8B7.19	SPAC1834.04	PMID:18579787
SPBC20F10.04c	SPAC14C4.02c	PMID:32546830
SPAC14C4.02c	SPBC20F10.04c	PMID:32546830
SPBP8B7.19	SPBC8D2.03c	PMID:18579787
SPBP8B7.19	SPBC8D2.04	PMID:18579787
SPBP8B7.19	SPAC1834.03c	PMID:18579787
SPBP8B7.19	SPBC1105.11c	PMID:18579787
SPBP8B7.19	SPBC1105.12	PMID:18579787
SPAC4F10.18	SPBC29A10.06c	PMID:22955883
SPBC3B9.16c	SPBC29A10.06c	PMID:22955883
SPBC3B9.16c	SPAC4F10.18	PMID:22955883
SPBC29A10.06c	SPAC4F10.18	PMID:22955883
SPBC29A10.06c	SPBC3B9.16c	PMID:22955883
SPAC4F10.18	SPBC3B9.16c	PMID:22955883
SPAC1834.04	SPBP8B7.19	PMID:18579787
SPAC18G6.10	SPCC4G3.11	PMID:27451393
SPCC4G3.11	SPAC18G6.10	PMID:27451393
SPBC8D2.03c	SPBP8B7.19	PMID:18579787
SPBC8D2.04	SPBP8B7.19	PMID:18579787
SPAC1834.03c	SPBP8B7.19	PMID:18579787
SPBC1105.11c	SPBP8B7.19	PMID:18579787
SPBC1105.12	SPBP8B7.19	PMID:18579787
SPBC28F2.07	SPBC409.03	PMID:23324799
SPAC8C9.14	SPAC1783.07c	PMID:22344694
SPAC1783.07c	SPAC8C9.14	PMID:22344694
SPBC409.03	SPBC28F2.07	PMID:23324799
SPBC28E12.03	SPAC2F7.03c	PMID:18328707
SPAC2F7.03c	SPAC110.03	PMID:18328707
SPAC2F7.03c	SPBC28E12.03	PMID:18328707
SPAC110.03	SPAC2F7.03c	PMID:18328707
SPBC29A10.12	SPAC1783.07c	PMID:27664222
SPBC1347.10	SPCC550.13	PMID:12604790
SPCC550.13	SPBC1347.10	PMID:12604790
SPAC18G6.10	SPBC19C7.10	PMID:29292846
SPBC19C7.10	SPAC18G6.10	PMID:29292846
SPAC27D7.03c	SPAC19G12.17	PMID:35512546
SPAC19G12.17	SPAC27D7.03c	PMID:35512546
SPCC4B3.15	SPAC31A2.16	PMID:30853434
SPAC31A2.16	SPCC4B3.15	PMID:30853434
SPAC1783.07c	SPBC29A10.12	PMID:27664222
SPAC25A8.01c	SPCC16C4.14c	PMID:25798942
SPCC16C4.14c	SPAC25A8.01c	PMID:25798942
SPCC126.04c	SPCC736.11	PMID:26443059
SPCC126.04c	SPAC18G6.02c	PMID:26443059
SPCC736.11	SPCC126.04c	PMID:26443059
SPAC18G6.02c	SPCC126.04c	PMID:26443059
SPAC6F6.16c	SPAC19G12.13c	PMID:24013504
SPAC6F6.16c	SPAC26H5.06	PMID:24013504
SPAC19G12.13c	SPAC6F6.16c	PMID:24013504
SPAC26H5.06	SPAC6F6.16c	PMID:24013504
SPAC8E11.03c	SPBC660.13c	PMID:24186976
SPAC18B11.10	SPAC644.04	PMID:12637515
SPAC644.04	SPAC18B11.10	PMID:12637515
SPAC630.14c	SPAC644.04	PMID:12637515
SPAC644.04	SPAC630.14c	PMID:12637515
SPBC660.13c	SPAC8E11.03c	PMID:24186976
SPBC776.02c	SPBC1706.01	PMID:21703453
SPBC1706.01	SPBC776.02c	PMID:21703453
SPAC6G10.02c	SPBC1706.01	PMID:21703453
SPBC1706.01	SPAC6G10.02c	PMID:21703453
SPAC664.11	SPAC227.13c	PMID:26545917
SPAC227.13c	SPAC664.11	PMID:26545917
SPAC8C9.11	SPBC26H8.06	PMID:25806539
SPBC26H8.06	SPAC8C9.11	PMID:25806539
SPCC320.13c	SPBC336.15	PMID:11950927
SPBC336.15	SPCC320.13c	PMID:11950927
SPCC10H11.01	SPAC27F1.09c	PMID:22064476
SPCC10H11.01	SPAPJ698.03c	PMID:22064476
SPCC10H11.01	SPAC31G5.01	PMID:22064476
SPCC10H11.01	SPAC22F8.10c	PMID:22064476
SPBC839.10	SPBC4B4.07c	PMID:22064476
SPAC19G12.07c	SPCC10H11.01	PMID:22064476
SPAC19G12.07c	SPBC4B4.07c	PMID:22064476
SPCC10H11.01	SPAC19G12.07c	PMID:22064476
SPAC27F1.09c	SPCC10H11.01	PMID:22064476
SPAPJ698.03c	SPCC10H11.01	PMID:22064476
SPAC31G5.01	SPCC10H11.01	PMID:22064476
SPAC22F8.10c	SPCC10H11.01	PMID:22064476
SPBC4B4.07c	SPBC839.10	PMID:22064476
SPBC4B4.07c	SPAC19G12.07c	PMID:22064476
SPAC6F12.15c	SPAC23C11.12	PMID:20924356
SPAC23C11.12	SPAC6F12.15c	PMID:20924356
SPAC11E3.06	SPMTR.01	PMID:8668157
SPMTR.01	SPAC11E3.06	PMID:8668157
SPBC1778.02	SPAC16A10.07c	PMID:11676924
SPAC1834.07	SPBC28F2.10c	PMID:12132578
SPBC28F2.10c	SPAC1834.07	PMID:12132578
SPAC821.04c	SPAC57A7.04c	PMID:12062100
SPAC57A7.04c	SPAC821.04c	PMID:12062100
SPAC14C4.02c	SPCC5E4.06	PMID:28134253
SPCC5E4.06	SPAC14C4.02c	PMID:28134253
SPAC16A10.07c	SPBC1778.02	PMID:11676924
SPBC3D6.10	SPAC26A3.02	PMID:24559510
SPAC26A3.02	SPBC3D6.10	PMID:24559510
SPBC336.12c	SPAC22F3.09c	PMID:7926774
SPCC188.11	SPAC57A10.03	PMID:11690648
SPAC57A10.03	SPCC188.11	PMID:11690648
SPBC14C8.07c	SPAC9E9.08	PMID:17531813
SPAC9E9.08	SPBC14C8.07c	PMID:17531813
SPAC22F3.09c	SPBC336.12c	PMID:7926774
SPAC1782.09c	SPCC4B3.15	PMID:18378776
SPCC4B3.15	SPAC1782.09c	PMID:18378776
SPBC216.06c	SPBC30D10.04	PMID:22952839
SPBP19A11.03c	SPBC4.07c	PMID:9325304
SPBC4.07c	SPBP19A11.03c	PMID:9325304
SPBC30D10.04	SPBC216.06c	PMID:22952839
SPAC9E9.08	SPBC216.05	PMID:10559981
SPBC30D10.10c	SPBC839.17c	PMID:15466417
SPBC839.17c	SPBC30D10.10c	PMID:15466417
SPBC216.05	SPAC9E9.08	PMID:10559981
SPAC8F11.07c	SPBC23E6.07c	PMID:9891039
SPBC23E6.07c	SPAC8F11.07c	PMID:9891039
SPNCRNA.103	SPAC27D7.03c	PMID:24920274
SPBP18G5.03	SPBC216.07c	PMID:18076573
SPBC216.07c	SPBP18G5.03	PMID:18076573
SPAC21E11.03c	SPBC29B5.01	PMID:9135083
SPBC29B5.01	SPAC21E11.03c	PMID:9135083
SPBC342.05	SPAC23C4.18c	PMID:24074952
SPAC23C4.18c	SPBC342.05	PMID:24074952
SPAPB1A10.09	SPBC15D4.01c	PMID:19686686
SPBC1347.10	SPAC23C4.18c	PMID:21945095
SPAC23C4.18c	SPBC1347.10	PMID:21945095
SPBC15D4.01c	SPAPB1A10.09	PMID:19686686
SPBC26H8.05c	SPBC428.17c	PMID:28438891
SPAC16A10.07c	SPAC6F6.17	PMID:11676925
SPBC1778.02	SPAC16A10.07c	PMID:11676925
SPAC16A10.07c	SPBC1778.02	PMID:11676925
SPAC6F6.17	SPAC16A10.07c	PMID:11676925
SPBC428.17c	SPBC26H8.05c	PMID:28438891
SPAC13C5.07	SPBC6B1.09c	PMID:23080121
SPBC6B1.09c	SPAC13C5.07	PMID:23080121
SPBC409.05	SPBC336.01	PMID:25165823
SPAC17G6.12	SPAC23H4.18c	PMID:25165823
SPAC23H4.18c	SPAC17G6.12	PMID:25165823
SPBC336.01	SPBC409.05	PMID:25165823
SPBC1685.11	SPAC20H4.07	PMID:15336631
SPAC20H4.07	SPBC1685.11	PMID:15336631
SPCC306.03c	SPCC188.03	PMID:28988770
SPAC29A4.05	SPAC22E12.16c	PMID:21693583
SPAC22E12.16c	SPAC29A4.05	PMID:21693583
SPBC1289.03c	SPAC25A8.01c	PMID:18422602
SPAC25A8.01c	SPBC1289.03c	PMID:18422602
SPCC188.03	SPCC306.03c	PMID:28988770
SPAC630.03	SPAC1F5.04c	PMID:8978670
SPAC23C11.02c	SPCC4B3.07	PMID:29083304
SPBP4H10.13	SPCC4B3.07	PMID:29083304
SPCC4B3.07	SPAC23C11.02c	PMID:29083304
SPCC4B3.07	SPBP4H10.13	PMID:29083304
SPNCRNA.103	SPAC27D7.03c	PMID:7520368
SPAC1782.01	SPAC31G5.13	PMID:20838651
SPAC31G5.13	SPAC1782.01	PMID:20838651
SPBC20F10.09	SPCC285.12	PMID:22615807
SPCC285.12	SPBC20F10.09	PMID:22615807
SPBC20F10.09	SPAC2F3.17c	PMID:22615807
SPAC2F3.17c	SPBC20F10.09	PMID:22615807
SPAC2F3.17c	SPCC285.12	PMID:22615807
SPCC285.12	SPAC2F3.17c	PMID:22615807
SPBC9B6.05c	SPCC1620.01c	PMID:22615807
SPCC1620.01c	SPBC9B6.05c	PMID:22615807
SPAC1F5.04c	SPAC630.03	PMID:8978670
SPAC25H1.03	SPAC4F10.07c	PMID:28976798
SPCC63.08c	SPAC4F10.07c	PMID:28976798
SPAC4F10.07c	SPAC10F6.11c	PMID:28976798
SPAC4F10.07c	SPAC25H1.03	PMID:28976798
SPAC4F10.07c	SPCC63.08c	PMID:28976798
SPAC10F6.11c	SPAC4F10.07c	PMID:28976798
SPAPYUG7.02c	SPAC24B11.06c	PMID:10428959
SPAC24B11.06c	SPAPYUG7.02c	PMID:10428959
SPBC1711.11	SPCC16A11.08	PMID:27737912
SPAC139.06	SPCC1672.10	PMID:24774534
SPBC27B12.02	SPCC1672.10	PMID:24774534
SPBC27B12.02	SPCC970.12	PMID:24774534
SPCC16A11.08	SPAC6F6.12	PMID:27737912
SPCC16A11.08	SPBC1711.11	PMID:27737912
SPAC6F6.12	SPBC14F5.11c	PMID:27737912
SPAC6F6.12	SPCC16A11.08	PMID:27737912
SPBC14F5.11c	SPAC6F6.12	PMID:27737912
SPBC776.16	SPCC970.12	PMID:24774534
SPCC1672.10	SPAC139.06	PMID:24774534
SPCC1672.10	SPBC27B12.02	PMID:24774534
SPCC970.12	SPBC27B12.02	PMID:24774534
SPCC970.12	SPBC776.16	PMID:24774534
SPBC16D10.08c	SPAC10F6.03c	PMID:24936793
SPBC16D10.08c	SPAC23H4.06	PMID:24936793
SPBC29A10.04	SPAC10F6.09c	PMID:26687354
SPAC10F6.09c	SPBC29A10.04	PMID:26687354
SPAC15E1.07c	SPBC29A10.14	PMID:16325576
SPAC10F6.09c	SPCC338.17c	PMID:26687354
SPBC29A10.14	SPAC15E1.07c	PMID:16325576
SPCC338.17c	SPAC10F6.09c	PMID:26687354
SPAC3G6.02	SPBC337.08c	PMID:25306921
SPBC2D10.12	SPBC337.08c	PMID:25306921
SPBC337.08c	SPBC2D10.12	PMID:25306921
SPBC337.08c	SPAC3G6.02	PMID:25306921
SPCC1259.13	SPBC11B10.09	PMID:26131711
SPAC2C4.14c	SPAC1834.06c	PMID:20826805
SPAC1834.06c	SPAC2C4.14c	PMID:20826805
SPBC16H5.03c	SPBC1921.02	PMID:19363481
SPBC11B10.09	SPCC1259.13	PMID:26131711
SPAC4H3.14c	SPBP8B7.02	PMID:24798735
SPBP8B7.02	SPAC4H3.14c	PMID:24798735
SPAC30D11.13	SPBC1921.02	PMID:19363481
SPBC1921.02	SPBC16H5.03c	PMID:19363481
SPBC1921.02	SPAC30D11.13	PMID:19363481
SPAC24B11.06c	SPAC1805.17	PMID:10233152
SPAC1805.17	SPAC24B11.06c	PMID:10233152
SPCC1183.12	SPAC18G6.03	PMID:27630265
SPAC18G6.03	SPCC1183.12	PMID:27630265
SPAC110.02	SPBC16A3.11	PMID:28343969
SPAC110.02	SPBC428.17c	PMID:28343969
SPAC23C4.03	SPAC110.02	PMID:28343969
SPBC16A3.11	SPAC110.02	PMID:28343969
SPBC428.17c	SPAC110.02	PMID:28343969
SPAC31A2.05c	SPAC17H9.20	PMID:24291789
SPAC17H9.20	SPAC31A2.05c	PMID:24291789
SPAC110.02	SPAC23C4.03	PMID:28343969
SPCC18B5.11c	SPCC16A11.17	PMID:18180284
SPBC6B1.04	SPAC11E3.03	PMID:20935472
SPAC11E3.03	SPBC6B1.04	PMID:20935472
SPAC18G6.15	SPBC800.05c	PMID:22500803
SPAC18G6.15	SPBC26H8.07c	PMID:22500803
SPAC18G6.15	SPBC16A3.15c	PMID:22500803
SPBC800.05c	SPAC18G6.15	PMID:22500803
SPBC26H8.07c	SPAC18G6.15	PMID:22500803
SPBC16A3.15c	SPAC18G6.15	PMID:22500803
SPAC30C2.04	SPBC17D11.05	PMID:31285271
SPBC17D11.05	SPAC30C2.04	PMID:31285271
SPAC30C2.04	SPAC3G9.09c	PMID:31285271
SPAC3G9.09c	SPAC30C2.04	PMID:31285271
SPCC16A11.17	SPCC18B5.11c	PMID:18180284
SPCC16A11.17	SPAC644.14c	PMID:18180284
SPAC644.14c	SPCC16A11.17	PMID:18180284
SPAC27D7.03c	SPAC8E11.02c	PMID:10788621
SPAC20G4.04c	SPAC1952.07	PMID:10648611
SPAC1952.07	SPAC20G4.04c	PMID:10648611
SPCC306.09c	SPBC19C7.03	PMID:1550959
SPBC19C7.03	SPCC306.09c	PMID:1550959
SPAC8E11.02c	SPAC27D7.03c	PMID:10788621
SPBC1706.01	SPBC776.02c	PMID:24554432
SPBC1706.01	SPCC31H12.05c	PMID:24554432
SPBC776.02c	SPBC1706.01	PMID:24554432
SPCC31H12.05c	SPBC1706.01	PMID:24554432
SPAC4G8.13c	SPAC17A2.13c	PMID:22496451
SPAC4G8.13c	SPAC8E11.02c	PMID:22496451
SPCC594.01	SPBC16G5.05c	PMID:39239853
SPBC16G5.05c	SPCC594.01	PMID:39239853
SPBC16G5.05c	SPCC736.15	PMID:32023460
SPCC736.15	SPBC16G5.05c	PMID:32023460
